Type,Issue,Cause,Customer,Response
Delayed Service & Slow Response,Delayed Service Response,Customer induced issue,Regular customer,"We truly appreciate your loyalty and understanding as one of our valued regular customers, and we sincerely apologize for the delayed response in service. Please rest assured that we are addressing the issue to ensure a quicker and more efficient service experience on your future visits."
Delayed Service & Slow Response,Delayed Service Response,Customer induced issue,New customer,"We apologize for the delay you experienced in receiving your order; we understand that waiting longer than expected can be frustrating, especially on your first visit. We're actively working to improve our response times, and we truly appreciate your patience and understanding as we strive to provide better service."
Delayed Service & Slow Response,Delayed Service Response,Customer induced issue,Walk-in customer,"Thank you for your patience while we handled the busy period; we're actively working to improve our response time to ensure you have a faster experience during your next visit. If there's anything else we can do for you right now, please let us know."
Delayed Service & Slow Response,Delayed Service Response,Customer induced issue,Online order customer,We apologize for the delay in responding to your online order issue and understand how inconvenient this must be. Please know we are actively working to improve our service speed and are here to help resolve any remaining concerns you might have.
Delayed Service & Slow Response,Delayed Service Response,Customer induced issue,Returning customer,We truly value your loyalty and apologize for the delayed service during your visit. Thank you for bringing this to our attention; we're committed to improving our response time to ensure a smoother experience for you in the future.
Delayed Service & Slow Response,Delayed Service Response,Communication induced error,Regular customer,"We sincerely apologize for the delay in service you experienced today due to a communication error on our part. As a valued regular customer, we truly appreciate your patience and are taking steps to ensure quicker and more efficient service in the future."
Delayed Service & Slow Response,Delayed Service Response,Communication induced error,New customer,"We apologize for the delay in serving you today, and we understand how frustrating this must be as a new customer. We are actively reviewing our communication processes to ensure a quicker and more efficient response time in the future."
Delayed Service & Slow Response,Delayed Service Response,Communication induced error,Walk-in customer,We apologize for the delay in serving you today; it was due to a communication error on our part. Please rest assured that we are addressing this issue promptly to ensure a faster response and better experience on your future visits.
Delayed Service & Slow Response,Delayed Service Response,Communication induced error,Online order customer,"We sincerely apologize for the delay in processing your online order and for any slow response you experienced in our communication. We are actively reviewing our procedures to improve our service, and we appreciate your patience and understanding."
Delayed Service & Slow Response,Delayed Service Response,Communication induced error,Returning customer,"We sincerely apologize for the delay you experienced during your visit and the lack of prompt communication regarding your order. As a valued returning customer, we are committed to ensuring your future experiences are timely and satisfactory."
