generated_scenario,user_response,processed_response
"A customer approaches the counter to complain that their latte is too cold, despite having been freshly made, and demands a replacement or a refund. How would you react to this situation?",walk away,"Your response of walking away shows a clear avoidance approach, which is not ideal for customer service situations. It's important to address customer concerns to maintain a positive relationship and the reputation of the business. Here’s how you can improve: 

1. **Acknowledge the Complaint:** Start by acknowledging the customer's issue. A simple statement like ""I'm sorry to hear that your latte is too cold"" can validate the customer's experience and show empathy.

2. **Offer a Solution:** Instead of walking away, offer a solution. You could say, ""Let me make you a fresh one"" or ""Would you like a refund instead?"" This shows that you care about the customer's satisfaction.

3. **Stay Professional:** Even if the customer's complaint seems minor or unjustified, remaining professional is key. Avoiding conflict can make the customer feel ignored and escalate their frustration.

By incorporating these strategies, you can manage customer complaints more effectively and maintain a positive atmosphere."
"A customer approaches the counter, noticeably upset, claiming they received the wrong order and have been waiting for a replacement for over ten minutes. How would you react to this situation?",make a fresh one,"Your response shows a proactive approach to resolving the issue by focusing on making a fresh order for the customer. This immediate action can help mitigate the dissatisfaction and demonstrate your commitment to rectifying the error.

To improve your handling of the situation, consider taking the following steps:

1. **Acknowledge the Mistake and Apologize**: Start by acknowledging the error and offering a sincere apology for the inconvenience caused. This helps in empathizing with the customer and can often help calm their frustration.

2. **Communicate Effectively**: Inform the customer about the steps you are taking to resolve the issue, such as preparing a new order immediately. This builds trust and reassures them that their concern is being addressed.

3. **Compensation or Gesture**: Depending on company policy, consider offering a gesture of goodwill, such as a complimentary item or a discount on their next purchase, to further alleviate the inconvenience.

4. **Expedited Process**: Ensure that the replacement order is prioritized so the customer does not have to wait unnecessary additional time.

By incorporating these elements, you can enhance customer satisfaction and turn a potentially negative experience into a positive one."
"A customer receives the wrong order at the pick-up counter and seems visibly upset, stating they are in a rush and need their correct drink immediately. How would you react to this situation?",give them a coupon,"Your response shows a good intention to offer a solution by providing a coupon, which can help in compensating for the inconvenience and encourage future patronage. However, in this situation where the customer is in a rush and needs their correct drink immediately, it's vital to prioritize immediate resolution of the issue. 

To improve your response, you could start by calmly and empathetically acknowledging the customer's frustration and apologizing for the mistake. Then, promptly rectify the error by ensuring they receive the correct order as quickly as possible. After resolving the immediate issue, offering a coupon or a discount for a future visit can still be a good gesture to further demonstrate your commitment to customer satisfaction. This approach not only addresses the immediate need but also enhances the overall customer experience."
"Scenario: A customer approaches the counter in a hurry, complaining that the barista made their latte wrong and they're late for a meeting. How would you react to this situation?",make another one,"Your response shows a willingness to quickly solve the customer's immediate problem by offering to make another latte. This demonstrates a focus on service and an effort to ensure the customer leaves satisfied. 

To improve upon your response, consider showing empathy and acknowledging the customer's frustration, which can help diffuse the situation. For example, you might say, ""I'm really sorry about that. I know you're in a hurry and it's important to get your order right. I'll fix it for you right away."" This approach not only rectifies the mistake but also provides comfort and understanding, helping to improve the customer's overall experience."
A customer orders a latte but receives a cappuccino instead and politely informs the barista of the mistake while expressing they're in a rush. How would you react to this situation?,make a latte for free,"Your response shows a good understanding of customer service by offering to make the correct drink, the latte, without charging the customer again. This demonstrates a willingness to correct the mistake and provide a positive experience. Additionally, you effectively address the urgency expressed by the customer by resolving the issue promptly.

To improve, you could also offer an apology for the inconvenience caused and ensure that the latte is prepared as quickly as possible given the customer's rush. Consider adding a gesture such as a coupon for their next visit, which could further enhance the customer's experience and goodwill."
"A customer receives a latte, but it was made with whole milk instead of the almond milk they requested, and they approach the counter with the mistake. How would you react to this situation?",give them another one,"Your response shows a commitment to excellent customer service by offering to make the drink again, which helps ensure the customer leaves satisfied. This is a positive first step that addresses the immediate issue. To improve further, you could begin by actively listening to the customer to show empathy for the inconvenience they experienced. You might consider apologizing for the mistake and confirming their order to make sure you get it right this time. Additionally, offering a small gesture, like a coupon or complimentary drink, can also help turn the experience into a positive one and increase customer loyalty."
"A customer at the coffee shop gets upset when they receive the wrong beverage order and demands a refund, insisting they are late for work. How would you react to this situation?",refund,"Your response shows a willingness to address the customer's dissatisfaction by offering a refund, which is a positive step in ensuring customer satisfaction. This approach demonstrates that you are prioritizing the customer's needs and are trying to resolve the issue quickly.

To improve, you might also consider acknowledging the customer's frustration by expressing empathy for their situation. A simple acknowledgment, like ""I'm sorry for the inconvenience,"" can help ease their frustration. In addition, offering a solution, like quickly preparing the correct beverage or providing a discount for their next visit, could further enhance their experience and show that you are committed to making things right."
A customer at the coffee shop receives a latte when they ordered a cappuccino and politely points out the mistake to the barista. How would you react to this situation?,give the customer a free latter,"Your response shows a generous and proactive approach by offering a free latte to the customer. This demonstrates excellent customer service and a willingness to address the mistake in a positive way. Customers often appreciate when their concerns are acknowledged and efforts are made to rectify the situation.

For improvement, you could consider confirming with the customer whether they would like the complimentary latte in addition to their original cappuccino or if they would prefer just the cappuccino corrected. This step ensures the customer receives exactly what they desire and feels valued. Additionally, apologizing for the mistake and thanking them for their understanding can further enhance the customer experience and reinforce their satisfaction."
"A customer approaches the counter, visibly frustrated, and explains that they received the wrong drink order for the third time this week. How would you react to this situation?",do what they ask for,"Your response shows a willingness to address the customer's immediate need by ensuring they receive the drink they originally ordered. This demonstrates a practical approach to resolving the issue at hand, which can help to quickly rectify the mistake and potentially ease the customer's frustration.

However, to further improve the situation and enhance customer service, it could be beneficial to also acknowledge the customer's frustration and apologize for the repeated inconvenience. You might say something like, ""I'm really sorry for the mistake, especially since it has happened multiple times this week. Let me correct the order for you immediately and see if there's anything else I can do to make it right."" Additionally, considering a small gesture, such as offering a discount or a complimentary item, could help in restoring the customer's confidence in your service. By doing so, you not only solve the immediate problem but also demonstrate a commitment to improving their overall experience."
"A customer approaches the counter, visibly upset, and complains that their latte is too cold, despite having only been made a minute ago. How would you react to this situation?",make another one,"Your response shows a willingness to address the customer's complaint by offering a practical solution—making another latte. This demonstrates attentiveness to customer satisfaction and a readiness to ensure they leave with a positive experience. 

To improve, consider first acknowledging the customer's feelings to help de-escalate the situation. You might say something like, ""I'm sorry to hear that your latte is not warm enough. Let me make you a fresh one right away."" This not only reassures the customer that you're taking their concern seriously but also shows empathy towards their frustration. Additionally, offering an apology can further enhance the customer's experience and demonstrate a high level of customer care."
